{"accuracy": 0.8547486033519553, "balanced_accuracy": 0.84231731036399, "mcc": 0.6794625249340459, "roc_auc": 0.9027507641011392, "f1": 0.7903225806451613, "precision": 0.7777777777777778, "recall": 0.8032786885245902}