{"accuracy": 0.8715083798882681, "balanced_accuracy": 0.8550291747707697, "mcc": 0.7129365068616416, "roc_auc": 0.9019171992220062, "f1": 0.8099173553719008, "precision": 0.8166666666666667, "recall": 0.8032786885245902}