{"accuracy": 0.8659217877094972, "balanced_accuracy": 0.8507918866351765, "mcc": 0.7015837732703529, "roc_auc": 0.9030286190608502, "f1": 0.8032786885245902, "precision": 0.8032786885245902, "recall": 0.8032786885245902}